Sample ID,Genotype ID,Cattle Tag Number,Biorepository Number,USNM Number,Country,Region,Site,Sampling Date,Latitude,Longitude,Set,STRI,RSMAS,ANALYSIS,TECHNICAL_REPLICATE,SINGLE_GENOTYPE,CLONAL_GENOTYPE,NOCLONES_SAMPLE,Region:Site,haplotype,mtorf_type,Species
Coco_611_AP3XF77,,611,AP3XF77,NA,Costa Rica,Coco,Chatham,5/26/21,5.55247,-87.04112,STRI,TRUE,FALSE,TRUE,FALSE,TRUE,FALSE,TRUE,Coco:Chatham,IV,Type 1a,P. meandrina
Coco_612_AP3XF78,,612,AP3XF78,NA,Costa Rica,Coco,Chatham,5/26/21,5.55247,-87.04112,STRI,TRUE,FALSE,TRUE,FALSE,TRUE,FALSE,TRUE,Coco:Chatham,II,Type 3b,P. verrucosa 3b
Coco_613_AP3XF79,,613,AP3XF79,NA,Costa Rica,Coco,Chatham,5/26/21,5.55247,-87.04112,STRI,TRUE,FALSE,TRUE,FALSE,TRUE,FALSE,TRUE,Coco:Chatham,II,Type 3b,P. verrucosa 3b
Coco_614_AP3XF80,,614,AP3XF80,NA,Costa Rica,Coco,Chatham,5/26/21,5.55247,-87.04112,STRI,TRUE,FALSE,TRUE,FALSE,TRUE,FALSE,TRUE,Coco:Chatham,I,Type 3a,P. verrucosa 3a
Coco_615_AP3XF81,,615,AP3XF81,NA,Costa Rica,Coco,Chatham,5/26/21,5.55247,-87.04112,STRI,TRUE,FALSE,TRUE,FALSE,TRUE,FALSE,TRUE,Coco:Chatham,II,Type 3b,P. verrucosa 3b
Coco_616_AP3XF82,,616,AP3XF82,NA,Costa Rica,Coco,Chatham,5/26/21,5.55247,-87.04112,STRI,TRUE,FALSE,TRUE,FALSE,TRUE,FALSE,TRUE,Coco:Chatham,II,Type 3b,P. verrucosa 3b
Coco_617_AP3XF83,,617,AP3XF83,NA,Costa Rica,Coco,Chatham,5/26/21,5.55247,-87.04112,STRI,TRUE,FALSE,TRUE,FALSE,TRUE,FALSE,TRUE,Coco:Chatham,IV,Type 1a,P. grandis
Coco_618_AP3XF84,Coco_A,618,AP3XF84,NA,Costa Rica,Coco,Chatham,5/26/21,5.55247,-87.04112,STRI,TRUE,FALSE,TRUE,TRUE,FALSE,TRUE,TRUE,Coco:Chatham,IV,Type 1a,P. meandrina
Coco_619_AP3XF85,,619,AP3XF85,NA,Costa Rica,Coco,Chatham,5/26/21,5.55247,-87.04112,STRI,TRUE,FALSE,TRUE,FALSE,TRUE,FALSE,TRUE,Coco:Chatham,IV,Type 1a,P. grandis
Coco_620_AP3XF86,,620,AP3XF86,NA,Costa Rica,Coco,Chatham,5/26/21,5.55247,-87.04112,STRI,TRUE,FALSE,TRUE,FALSE,TRUE,FALSE,TRUE,Coco:Chatham,IV,Type 1a,P. grandis
Coco_621_AP3XF87,,621,AP3XF87,NA,Costa Rica,Coco,Chatham,5/26/21,5.55247,-87.04112,STRI,TRUE,FALSE,TRUE,FALSE,TRUE,FALSE,TRUE,Coco:Chatham,IV,Type 1a,P. meandrina
Coco_644_AP3XF88,,644,AP3XF88,NA,Costa Rica,Coco,Manuelita,5/26/21,5.56097,-87.04643,STRI,TRUE,FALSE,TRUE,FALSE,TRUE,FALSE,TRUE,Coco:Manuelita,IV,Type 1a,P. grandis
Coco_645_AP3XF89,,645,AP3XF89,NA,Costa Rica,Coco,Manuelita,5/27/21,5.56097,-87.04643,STRI,TRUE,FALSE,TRUE,FALSE,TRUE,FALSE,TRUE,Coco:Manuelita,IV,Type 1a,P. grandis
Coco_648_AP3XF92,,648,AP3XF92,NA,Costa Rica,Coco,Manuelita,5/27/21,5.56097,-87.04643,STRI,TRUE,FALSE,TRUE,FALSE,TRUE,FALSE,TRUE,Coco:Manuelita,IV,Type 1a,P. grandis
Coco_649_AP3XF93,,649,AP3XF93,NA,Costa Rica,Coco,Manuelita,5/27/21,5.56097,-87.04643,STRI,TRUE,FALSE,TRUE,FALSE,TRUE,FALSE,TRUE,Coco:Manuelita,IV,Type 1a,P. grandis
Coco_650_AP3XF94,,650,AP3XF94,NA,Costa Rica,Coco,Manuelita,5/27/21,5.56097,-87.04643,STRI,TRUE,FALSE,TRUE,FALSE,TRUE,FALSE,TRUE,Coco:Manuelita,IV,Type 1a,P. grandis
Coco_651_AP3XF95,,651,AP3XF95,NA,Costa Rica,Coco,Manuelita,5/27/21,5.56097,-87.04643,STRI,TRUE,FALSE,TRUE,FALSE,TRUE,FALSE,TRUE,Coco:Manuelita,IV,Type 1a,P. meandrina
Coco_652_AP3XF96,,652,AP3XF96,NA,Costa Rica,Coco,Manuelita,5/27/21,5.56097,-87.04643,STRI,TRUE,FALSE,TRUE,FALSE,TRUE,FALSE,TRUE,Coco:Manuelita,IV,Type 1a,P. grandis
Coco_653_AP3XF97,Coco_B,653,AP3XF97,NA,Costa Rica,Coco,Manuelita,5/27/21,5.56097,-87.04643,STRI,TRUE,FALSE,TRUE,FALSE,FALSE,TRUE,TRUE,Coco:Manuelita,II,Type 3b,P. verrucosa 3b
Coco_654_AP3XF98,,654,AP3XF98,NA,Costa Rica,Coco,Manuelita,5/27/21,5.56097,-87.04643,STRI,TRUE,FALSE,TRUE,FALSE,TRUE,FALSE,TRUE,Coco:Manuelita,IV,Type 1a,P. grandis
Coco_655_AP3XF99,,655,AP3XF99,NA,Costa Rica,Coco,Weston,5/26/21,5.55259,-87.05227,STRI,TRUE,FALSE,TRUE,FALSE,TRUE,FALSE,TRUE,Coco:Weston,IV,Type 1a,P. grandis
Coco_656_AP3XG00,,656,AP3XG00,NA,Costa Rica,Coco,Weston,5/27/21,5.55259,-87.05227,STRI,TRUE,FALSE,TRUE,FALSE,TRUE,FALSE,TRUE,Coco:Weston,IV,Type 1a,P. grandis
Coco_665_AP3XG09,,665,AP3XG09,NA,Costa Rica,Coco,Weston,5/27/21,5.55259,-87.05227,STRI,TRUE,FALSE,TRUE,FALSE,TRUE,FALSE,TRUE,Coco:Weston,IV,Type 1a,P. grandis
Coco_666_AP3XG10,,666,AP3XG10,NA,Costa Rica,Coco,Weston shallow,5/29/21,5.55239,-87.05061,STRI,TRUE,FALSE,TRUE,FALSE,TRUE,FALSE,TRUE,Coco:Weston shallow,IV,Type 1a,P. grandis
Coco_667_AP3XG11,,667,AP3XG11,NA,Costa Rica,Coco,Weston shallow,5/29/21,5.55239,-87.05061,STRI,TRUE,FALSE,TRUE,FALSE,TRUE,FALSE,TRUE,Coco:Weston shallow,IV,Type 1a,P. grandis
Coco_668_AP3XG12,,668,AP3XG12,NA,Costa Rica,Coco,Weston shallow,5/29/21,5.55239,-87.05061,STRI,TRUE,FALSE,TRUE,FALSE,TRUE,FALSE,TRUE,Coco:Weston shallow,IV,Type 1a,P. grandis
Coiba_679_AP3XF55,Coiba_B,679,AP3XF55,USNM 1666042,Panama,Chiriqui,Canales,11/29/21,7.695942,-81.632929,STRI,TRUE,FALSE,TRUE,FALSE,FALSE,TRUE,,Chiriqui:Canales,IV,Type 1a,P. grandis
Coiba_684_AP3XF75,,684,AP3XF75,USNM 1666036,Panama,Chiriqui,Uva Channel,11/30/21,7.861944,-81.78083,STRI,TRUE,FALSE,TRUE,FALSE,TRUE,FALSE,TRUE,Chiriqui:Uva Channel,IV,Type 1a,P. grandis
Coiba_685_AP3XF43,,685,AP3XF43,USNM 1666046,Panama,Chiriqui,Wahoo,11/29/21,7.686389,-81.60889,STRI,TRUE,FALSE,TRUE,FALSE,TRUE,FALSE,TRUE,Chiriqui:Wahoo,IV,Type 1a,P. grandis
Coiba_686_AP3XF47,,686,AP3XF47,USNM 1666048,Panama,Chiriqui,Wahoo,11/29/21,7.686389,-81.60889,STRI,TRUE,FALSE,TRUE,FALSE,TRUE,FALSE,TRUE,Chiriqui:Wahoo,IV,Type 1a,P. grandis
Coiba_688_AP3XF58,,688,AP3XF58,USNM 1666052,Panama,Chiriqui,Canales,11/29/21,7.695942,-81.632929,STRI,TRUE,FALSE,TRUE,FALSE,TRUE,FALSE,TRUE,Chiriqui:Canales,IV,Type 1a,P. grandis
Coiba_691_AP3XF49,,691,AP3XF49,USNM 1666055,Panama,Chiriqui,Wahoo,11/29/21,7.686389,-81.60889,STRI,TRUE,FALSE,TRUE,FALSE,TRUE,FALSE,TRUE,Chiriqui:Wahoo,IV,Type 1a,P. grandis
Coiba_692_AP3XF70,Coiba_D,692,AP3XF70,USNM 1666030,Panama,Chiriqui,Uvas,11/30/21,7.815128015,-81.75892202,STRI,TRUE,FALSE,TRUE,FALSE,FALSE,TRUE,,Chiriqui:Uvas,I,Type 3a,P. verrucosa 3a
Coiba_693_AP3XF45,,693,AP3XF45,USNM 1666026,Panama,Chiriqui,Wahoo,11/29/21,7.686389,-81.60889,STRI,TRUE,FALSE,TRUE,FALSE,TRUE,FALSE,TRUE,Chiriqui:Wahoo,NA,Type 1a,P. grandis
Coiba_694_AP3XF73,,694,AP3XF73,USNM 1666032,Panama,Chiriqui,Uva Channel,11/30/21,7.861944,-81.78083,STRI,TRUE,FALSE,TRUE,FALSE,TRUE,FALSE,TRUE,Chiriqui:Uva Channel,IV,Type 1a,P. grandis
Coiba_696_AP3XF67,,696,AP3XF67,USNM 1666041,Panama,Chiriqui,Uvas,11/30/21,7.815128015,-81.75892202,STRI,TRUE,FALSE,TRUE,FALSE,TRUE,FALSE,TRUE,Chiriqui:Uvas,IV,Type 1a,P. grandis
Coiba_900_AP3XF69,Coiba_D,900,AP3XF69,USNM 1666040,Panama,Chiriqui,Uvas,11/30/21,7.815128015,-81.75892202,STRI,TRUE,FALSE,TRUE,FALSE,FALSE,TRUE,TRUE,Chiriqui:Uvas,I,Type 3a,P. verrucosa 3a
Coiba_903_AP3XF59,,903,AP3XF59,USNM 1666024,Panama,Chiriqui,Canales,11/29/21,7.695942,-81.632929,STRI,TRUE,FALSE,TRUE,FALSE,TRUE,FALSE,TRUE,Chiriqui:Canales,IV,Type 1a,P. grandis
Coiba_906_AP3XF65,,906,AP3XF65,USNM 1666025,Panama,Chiriqui,Uvas,11/30/21,7.815128015,-81.75892202,STRI,TRUE,FALSE,TRUE,FALSE,TRUE,FALSE,TRUE,Chiriqui:Uvas,IV,Type 1a,P. grandis
Coiba_907_AP3XF62,,907,AP3XF62,USNM 1666044,Panama,Chiriqui,Uvas,11/30/21,7.815128015,-81.75892202,STRI,TRUE,FALSE,TRUE,FALSE,TRUE,FALSE,TRUE,Chiriqui:Uvas,IV,Type 1a,P. grandis
Coiba_908_AP3XF72,,908,AP3XF72,USNM 1666033,Panama,Chiriqui,Uva Channel,11/30/21,7.861944,-81.78083,STRI,TRUE,FALSE,TRUE,FALSE,TRUE,FALSE,TRUE,Chiriqui:Uva Channel,IV,Type 1a,P. grandis
Coiba_910_AP3XF46,,910,AP3XF46,USNM 1666023,Panama,Chiriqui,Wahoo,11/29/21,7.686389,-81.60889,STRI,TRUE,FALSE,TRUE,FALSE,TRUE,FALSE,TRUE,Chiriqui:Wahoo,IV,Type 1a,P. grandis
Coiba_914_AP3XF63,Coiba_A,914,AP3XF63,USNM 1666059,Panama,Chiriqui,Uvas,11/30/21,7.815128015,-81.75892202,STRI,TRUE,FALSE,TRUE,FALSE,FALSE,TRUE,TRUE,Chiriqui:Uvas,IV,Type 1a,P. grandis
Coiba_915_AP3XF66,,915,AP3XF66,USNM 1666037,Panama,Chiriqui,Uvas,11/30/21,7.815128015,-81.75892202,STRI,TRUE,FALSE,TRUE,FALSE,TRUE,FALSE,TRUE,Chiriqui:Uvas,IV,Type 1a,P. grandis
Coiba_917_AP3XF64,Coiba_A,917,AP3XF64,USNM 1666049,Panama,Chiriqui,Uvas,11/30/21,7.815128015,-81.75892202,STRI,TRUE,FALSE,TRUE,FALSE,FALSE,TRUE,,Chiriqui:Uvas,IV,Type 1a,P. grandis
Coiba_918_AP3XF74,,918,AP3XF74,USNM 1666053,Panama,Chiriqui,Uva Channel,11/30/21,7.861944,-81.78083,STRI,TRUE,FALSE,TRUE,FALSE,TRUE,FALSE,TRUE,Chiriqui:Uva Channel,IV,Type 1a,P. grandis
Coiba_919_AP3XF76,,919,AP3XF76,USNM 1666027,Panama,Chiriqui,Uva Channel,11/30/21,7.861944,-81.78083,STRI,TRUE,FALSE,TRUE,FALSE,TRUE,FALSE,TRUE,Chiriqui:Uva Channel,IV,Type 1a,P. grandis
Coiba_920_AP3XF71,,920,AP3XF71,USNM 1666031,Panama,Chiriqui,Uva Channel,11/30/21,7.861944,-81.78083,STRI,TRUE,FALSE,TRUE,FALSE,TRUE,FALSE,TRUE,Chiriqui:Uva Channel,IV,Type 1a,P. grandis
Coiba_922_AP3XF60,,922,AP3XF60,USNM 1666022,Panama,Chiriqui,Canales,11/29/21,7.695942,-81.632929,STRI,TRUE,FALSE,TRUE,FALSE,TRUE,FALSE,TRUE,Chiriqui:Canales,IV,Type 1a,P. grandis
Coiba_925_AP3XF61,,925,AP3XF61,USNM 1666058,Panama,Chiriqui,Uvas,11/30/21,7.815128015,-81.75892202,STRI,TRUE,FALSE,TRUE,FALSE,TRUE,FALSE,TRUE,Chiriqui:Uvas,I,Type 3a,P. verrucosa 3a
Coiba_927_AP3XF48,,927,AP3XF48,USNM 1666047,Panama,Chiriqui,Wahoo,11/29/21,7.686389,-81.60889,STRI,TRUE,FALSE,TRUE,FALSE,TRUE,FALSE,TRUE,Chiriqui:Wahoo,IV,Type 1a,P. grandis
Coiba_928_AP3XF50,,928,AP3XF50,USNM 1666029,Panama,Chiriqui,Wahoo,11/29/21,7.686389,-81.60889,STRI,TRUE,FALSE,TRUE,FALSE,TRUE,FALSE,TRUE,Chiriqui:Wahoo,IV,Type 1a,P. grandis
Coiba_929_AP3XF38,,929,AP3XF38,USNM 1666050,Panama,Chiriqui,Wahoo,11/29/21,7.686389,-81.60889,STRI,TRUE,FALSE,TRUE,FALSE,TRUE,FALSE,TRUE,Chiriqui:Wahoo,IV,Type 1a,P. grandis
Coiba_930_AP3XF44,,930,AP3XF44,USNM 1666054,Panama,Chiriqui,Wahoo,11/29/21,7.686389,-81.60889,STRI,TRUE,FALSE,TRUE,FALSE,TRUE,FALSE,TRUE,Chiriqui:Wahoo,IV,Type 1a,P. grandis
Perlas_333_AP3XG24,,333,AP3XG24,USNM 1666067,Panama,Panama,Contadora,3/3/22,8.63388,-79.0292,STRI,TRUE,FALSE,TRUE,FALSE,TRUE,FALSE,TRUE,Panama:Contadora,IV,Type 1a,P. grandis
Perlas_335_AP3XG26,Perlas_P,335,AP3XG26,USNM 1666098,Panama,Panama,Contadora,3/3/22,8.63388,-79.0292,STRI,TRUE,FALSE,TRUE,FALSE,FALSE,TRUE,,Panama:Contadora,I,Type 3a,P. verrucosa 3a
Perlas_337_AP3XG28,Perlas_C,337,AP3XG28,USNM 1666061,Panama,Panama,Contadora,3/3/22,8.63388,-79.0292,STRI,TRUE,FALSE,TRUE,FALSE,FALSE,TRUE,,Panama:Contadora,IV,Type 1a,P. grandis
Perlas_339_AP3XG30,Perlas_C,339,AP3XG30,USNM 1666070,Panama,Panama,Contadora,3/3/22,8.63388,-79.0292,STRI,TRUE,FALSE,TRUE,FALSE,FALSE,TRUE,,Panama:Contadora,IV,Type 1a,P. grandis
Perlas_340_AP3XG31,,340,AP3XG31,USNM 1666062,Panama,Panama,Contadora,3/3/22,8.63388,-79.0292,STRI,TRUE,FALSE,TRUE,FALSE,TRUE,FALSE,TRUE,Panama:Contadora,IV,Type 1a,P. grandis
Perlas_341_AP3XG32,Perlas_Coiba_A,341,AP3XG32,USNM 1666071,Panama,Panama,Contadora,3/3/22,8.63388,-79.0292,STRI,TRUE,FALSE,TRUE,FALSE,FALSE,TRUE,,Panama:Contadora,IV,Type 1a,P. grandis
Perlas_343_AP3XG34,Perlas_D,343,AP3XG34,USNM 1666072,Panama,Panama,Contadora,3/3/22,8.63388,-79.0292,STRI,TRUE,FALSE,TRUE,FALSE,FALSE,TRUE,,Panama:Contadora,IV,Type 1a,P. grandis
Perlas_344_AP3XG35,Perlas_D,344,AP3XG35,USNM 1666073,Panama,Panama,Contadora,3/3/22,8.63388,-79.0292,STRI,TRUE,FALSE,TRUE,FALSE,FALSE,TRUE,,Panama:Contadora,IV,Type 1a,P. grandis
Perlas_346_AP3XG37,Perlas_I,346,AP3XG37,USNM 1666074,Panama,Panama,Contadora,3/3/22,8.63388,-79.0292,STRI,TRUE,FALSE,TRUE,FALSE,FALSE,TRUE,,Panama:Contadora,IV,Type 1a,P. grandis
Perlas_350_AP3XG41,Perlas_O,350,AP3XG41,USNM 1666069,Panama,Panama,Contadora,3/3/22,8.63388,-79.0292,STRI,TRUE,FALSE,TRUE,FALSE,FALSE,TRUE,,Panama:Contadora,I,Type 3a,P. verrucosa 3a
Perlas_351_AP3XG42,Perlas_F,351,AP3XG42,USNM 1666076,Panama,Panama,Saboga,3/4/22,8.62807,-79.05462,STRI,TRUE,FALSE,TRUE,FALSE,FALSE,TRUE,,Panama:Saboga,IV,Type 1a,P. grandis
Perlas_352_AP3XG43,,352,AP3XG43,USNM 1666077,Panama,Panama,Saboga,3/4/22,8.62807,-79.05462,STRI,TRUE,FALSE,TRUE,FALSE,TRUE,FALSE,TRUE,Panama:Saboga,NA,Type 1a,P. grandis
Perlas_353_AP3XG44,Perlas_F,353,AP3XG44,USNM 1666078,Panama,Panama,Saboga,3/4/22,8.62807,-79.05462,STRI,TRUE,FALSE,TRUE,FALSE,FALSE,TRUE,,Panama:Saboga,IV,Type 1a,P. grandis
Perlas_354_AP3XG45,Perlas_F,354,AP3XG45,USNM 1666079,Panama,Panama,Saboga,3/4/22,8.62807,-79.05462,STRI,TRUE,FALSE,TRUE,FALSE,FALSE,TRUE,,Panama:Saboga,IV,Type 1a,P. grandis
Perlas_355_AP3XG46,Perlas_F,355,AP3XG46,USNM 1666080,Panama,Panama,Saboga,3/4/22,8.62807,-79.05462,STRI,TRUE,FALSE,TRUE,FALSE,FALSE,TRUE,,Panama:Saboga,IV,Type 1a,P. grandis
Perlas_356_AP3XG47,Perlas_F,356,AP3XG47,USNM 1666081,Panama,Panama,Saboga,3/4/22,8.62807,-79.05462,STRI,TRUE,FALSE,TRUE,FALSE,FALSE,TRUE,,Panama:Saboga,IV,Type 1a,P. grandis
Perlas_357_AP3XG48,Perlas_F,357,AP3XG48,USNM 1666082,Panama,Panama,Saboga,3/4/22,8.62807,-79.05462,STRI,TRUE,FALSE,TRUE,FALSE,FALSE,TRUE,,Panama:Saboga,IV,Type 1a,P. grandis
Perlas_358_AP3XG49,Perlas_N,358,AP3XG49,NA,Panama,Panama,Saboga,3/4/22,8.62807,-79.05462,STRI,TRUE,FALSE,TRUE,FALSE,FALSE,TRUE,TRUE,Panama:Saboga,I,Type 3a,P. verrucosa 3a
Perlas_359_AP3XG50,Perlas_F,359,AP3XG50,USNM 1666083,Panama,Panama,Saboga,3/4/22,8.62807,-79.05462,STRI,TRUE,FALSE,TRUE,FALSE,FALSE,TRUE,TRUE,Panama:Saboga,IV,Type 1a,P. grandis
Perlas_360_AP3XG51,Perlas_F,360,AP3XG51,USNM 1666084,Panama,Panama,Saboga,3/4/22,8.62807,-79.05462,STRI,TRUE,FALSE,TRUE,FALSE,FALSE,TRUE,,Panama:Saboga,IV,Type 1a,P. grandis
Perlas_361_AP3XG52,Perlas_H,361,AP3XG52,USNM 1666085,Panama,Panama,Saboga,3/4/22,8.62807,-79.05462,STRI,TRUE,FALSE,TRUE,FALSE,FALSE,TRUE,,Panama:Saboga,IV,Type 1a,P. grandis
Perlas_362_AP3XG53,Perlas_H,362,AP3XG53,USNM 1666086,Panama,Panama,Saboga,3/4/22,8.62807,-79.05462,STRI,TRUE,FALSE,TRUE,FALSE,FALSE,TRUE,,Panama:Saboga,IV,Type 1a,P. grandis
Perlas_363_AP3XG54,Perlas_K,363,AP3XG54,USNM 1666087,Panama,Panama,Saboga,3/4/22,8.62807,-79.05462,STRI,TRUE,FALSE,TRUE,FALSE,FALSE,TRUE,,Panama:Saboga,IV,Type 1a,P. grandis
Perlas_364_AP3XG55,Perlas_K,364,AP3XG55,NA,Panama,Panama,Saboga,3/4/22,8.62807,-79.05462,STRI,TRUE,FALSE,TRUE,FALSE,FALSE,TRUE,TRUE,Panama:Saboga,IV,Type 1a,P. grandis
Perlas_365_AP3XG56,Perlas_H,365,AP3XG56,USNM 1666088,Panama,Panama,Saboga,3/4/22,8.62807,-79.05462,STRI,TRUE,FALSE,TRUE,FALSE,FALSE,TRUE,,Panama:Saboga,IV,Type 1a,P. grandis
Perlas_366_AP3XG57,Perlas_A,366,AP3XG57,USNM 1666089,Panama,Panama,Saboga Islets,3/4/22,8.6383,-79.05535,STRI,TRUE,FALSE,TRUE,FALSE,FALSE,TRUE,TRUE,Panama:Saboga Islets,IV,Type 1a,P. grandis
Perlas_367_AP3XG58,,367,AP3XG58,USNM 1666090,Panama,Panama,Saboga Islets,3/4/22,8.6383,-79.05535,STRI,TRUE,FALSE,TRUE,FALSE,TRUE,FALSE,TRUE,Panama:Saboga Islets,I,Type 3a,P. verrucosa 3a
Perlas_368_AP3XG59,Perlas_A,368,AP3XG59,USNM 1666091,Panama,Panama,Saboga Islets,3/4/22,8.6383,-79.05535,STRI,TRUE,FALSE,TRUE,FALSE,FALSE,TRUE,,Panama:Saboga Islets,IV,Type 1a,P. grandis
Perlas_369_AP3XG60,Perlas_A,369,AP3XG60,USNM 1666092,Panama,Panama,Saboga Islets,3/4/22,8.6383,-79.05535,STRI,TRUE,FALSE,TRUE,FALSE,FALSE,TRUE,,Panama:Saboga Islets,IV,Type 1a,P. grandis
Perlas_370_AP3XG61,Perlas_M,370,AP3XG61,USNM 1666093,Panama,Panama,Saboga Islets,3/4/22,8.6383,-79.05535,STRI,TRUE,FALSE,TRUE,FALSE,FALSE,TRUE,,Panama:Saboga Islets,I,Type 3a,P. verrucosa 3a
Perlas_371_AP3XG62,Perlas_M,371,AP3XG62,USNM 1666094,Panama,Panama,Saboga Islets,3/4/22,8.6383,-79.05535,STRI,TRUE,FALSE,TRUE,FALSE,FALSE,TRUE,TRUE,Panama:Saboga Islets,I,Type 3a,P. verrucosa 3a
Perlas_372_AP3XG63,,372,AP3XG63,USNM 1666095,Panama,Panama,Saboga Islets,3/4/22,8.6383,-79.05535,STRI,TRUE,FALSE,TRUE,FALSE,TRUE,FALSE,TRUE,Panama:Saboga Islets,IV,Type 1a,P. grandis
Perlas_373_AP3XG64,,373,AP3XG64,USNM 1666096,Panama,Panama,Saboga Islets,3/4/22,8.6383,-79.05535,STRI,TRUE,FALSE,TRUE,FALSE,TRUE,FALSE,TRUE,Panama:Saboga Islets,IV,Type 1a,P. grandis
Perlas_374_AP3XG65,,374,AP3XG65,USNM 1666097,Panama,Panama,Saboga Islets,3/4/22,8.6383,-79.05535,STRI,TRUE,FALSE,TRUE,FALSE,TRUE,FALSE,TRUE,Panama:Saboga Islets,IV,Type 1a,P. grandis
Perlas_375_AP3XG66,,375,AP3XG66,NA,Panama,Panama,Saboga Islets,3/4/22,8.6383,-79.05535,STRI,TRUE,FALSE,TRUE,FALSE,TRUE,FALSE,TRUE,Panama:Saboga Islets,IV,Type 1a,P. grandis
Perlas_376_AP3XG67,Perlas_E,376,AP3XG67,USNM 1666063,Panama,Panama,Saboga Islets,3/4/22,8.6383,-79.05535,STRI,TRUE,FALSE,TRUE,TRUE,FALSE,TRUE,TRUE,Panama:Saboga Islets,IV,Type 1a,P. grandis
Perlas_401_AP3XG68,Perlas_G,401,AP3XG68,USNM 1666100,Panama,Panama,San Pedro,3/8/22,8.45996,-78.85208,STRI,TRUE,FALSE,TRUE,FALSE,FALSE,TRUE,,Panama:San Pedro,IV,Type 1a,P. grandis
Perlas_402_AP3XG69,Perlas_L,402,AP3XG69,USNM 1666101,Panama,Panama,San Pedro,3/8/22,8.45996,-78.85208,STRI,TRUE,FALSE,TRUE,FALSE,FALSE,TRUE,TRUE,Panama:San Pedro,IV,Type 1a,P. grandis
Perlas_403_AP3XG70,Perlas_G,403,AP3XG70,USNM 1666064,Panama,Panama,San Pedro,3/8/22,8.45996,-78.85208,STRI,TRUE,FALSE,TRUE,FALSE,FALSE,TRUE,TRUE,Panama:San Pedro,IV,Type 1a,P. grandis
Perlas_404_AP3XG71,Perlas_L,404,AP3XG71,USNM 1666102,Panama,Panama,San Pedro,3/8/22,8.45996,-78.85208,STRI,TRUE,FALSE,TRUE,FALSE,FALSE,TRUE,,Panama:San Pedro,IV,Type 1a,P. grandis
Perlas_405_AP3XG72,Perlas_L,405,AP3XG72,NA,Panama,Panama,San Pedro,3/8/22,8.45996,-78.85208,STRI,TRUE,FALSE,TRUE,FALSE,FALSE,TRUE,,Panama:San Pedro,IV,Type 1a,P. grandis
Perlas_406_AP3XG73,,406,AP3XG73,USNM 1666103,Panama,Panama,San Pedro,3/8/22,8.45996,-78.85208,STRI,TRUE,FALSE,TRUE,FALSE,TRUE,FALSE,TRUE,Panama:San Pedro,IV,Type 1a,P. grandis
Perlas_407_AP3XG74,,407,AP3XG74,USNM 1666066,Panama,Panama,San Pedro,3/8/22,8.45996,-78.85208,STRI,TRUE,FALSE,TRUE,FALSE,TRUE,FALSE,TRUE,Panama:San Pedro,IV,Type 1a,P. grandis
Perlas_408_AP3XG75,,408,AP3XG75,USNM 1666104,Panama,Panama,San Pedro,3/8/22,8.45996,-78.85208,STRI,TRUE,FALSE,TRUE,FALSE,TRUE,FALSE,TRUE,Panama:San Pedro,IV,Type 1a,P. grandis
Perlas_409_AP3XG76,Perlas_J,409,AP3XG76,USNM 1666105,Panama,Panama,San Pedro,3/8/22,8.45996,-78.85208,STRI,TRUE,FALSE,TRUE,FALSE,FALSE,TRUE,,Panama:San Pedro,IV,Type 1a,P. grandis
Perlas_410_AP3XG77,,410,AP3XG77,USNM 1666106,Panama,Panama,San Pedro,3/8/22,8.45996,-78.85208,STRI,TRUE,FALSE,TRUE,FALSE,TRUE,FALSE,TRUE,Panama:San Pedro,IV,Type 1a,P. grandis
Perlas_411_AP3XG78,Perlas_J,411,AP3XG78,USNM 1666107,Panama,Panama,San Pedro,3/8/22,8.45996,-78.85208,STRI,TRUE,FALSE,TRUE,FALSE,FALSE,TRUE,TRUE,Panama:San Pedro,IV,Type 1a,P. grandis
Perlas_412_AP3XG79,,412,AP3XG79,USNM 1666108,Panama,Panama,San Pedro,3/8/22,8.45996,-78.85208,STRI,TRUE,FALSE,TRUE,FALSE,TRUE,FALSE,TRUE,Panama:San Pedro,IV,Type 1a,P. grandis
PAN_05,Perlas_H,NA,NA,NA,Panama,Panama,Saboga,9/5/20,8.62807,-79.05462,RSMAS,FALSE,TRUE,TRUE,TRUE,FALSE,TRUE,TRUE,Panama:Saboga,IV,Type 1a,P. grandis
PAN_10,Perlas_R,NA,NA,NA,Panama,Panama,Saboga,9/5/20,8.62807,-79.05462,RSMAS,FALSE,TRUE,TRUE,TRUE,FALSE,TRUE,TRUE,Panama:Saboga,I,Type 3a,P. verrucosa 3a
PAN_32,,NA,NA,NA,Panama,Chiriqui,Uvas,9/5/20,7.815128015,-81.75892202,RSMAS,FALSE,TRUE,TRUE,FALSE,TRUE,FALSE,TRUE,Chiriqui:Uvas,IV,Type 1a,P. grandis
PAN_34,,NA,NA,NA,Panama,Chiriqui,Uvas,9/5/20,7.815128015,-81.75892202,RSMAS,FALSE,TRUE,TRUE,FALSE,TRUE,FALSE,TRUE,Chiriqui:Uvas,IV,Type 1a,P. grandis
PAN_35,,NA,NA,NA,Panama,Chiriqui,Uvas,9/5/20,7.815128015,-81.75892202,RSMAS,FALSE,TRUE,TRUE,FALSE,TRUE,FALSE,TRUE,Chiriqui:Uvas,IV,Type 1a,P. grandis
PAN_37,Perlas_Q,NA,NA,NA,Panama,Panama,Saboga,9/5/20,8.62807,-79.05462,RSMAS,FALSE,TRUE,TRUE,FALSE,FALSE,TRUE,TRUE,Panama:Saboga,NA,Type 3a,P. verrucosa 3a
PAN_39,Perlas_K,NA,NA,NA,Panama,Panama,Saboga,9/5/20,8.62807,-79.05462,RSMAS,FALSE,TRUE,TRUE,FALSE,FALSE,TRUE,,Panama:Saboga,NA,Type 1a,P. grandis
PAN_41,Perlas_Q,NA,NA,NA,Panama,Panama,Saboga,9/5/20,8.62807,-79.05462,RSMAS,FALSE,TRUE,TRUE,FALSE,FALSE,TRUE,,Panama:Saboga,I,Type 3a,P. verrucosa 3a
PAN_43,,NA,NA,NA,Panama,Panama,Saboga,9/5/20,8.62807,-79.05462,RSMAS,FALSE,TRUE,TRUE,FALSE,TRUE,FALSE,TRUE,Panama:Saboga,I,Type 3a,P. verrucosa 3a
PAN_44,Perlas_N,NA,NA,NA,Panama,Panama,Saboga,9/5/20,8.62807,-79.05462,RSMAS,FALSE,TRUE,TRUE,FALSE,FALSE,TRUE,,Panama:Saboga,I,Type 3a,P. verrucosa 3a
PAN_78,Coiba_C,NA,NA,NA,Panama,Chiriqui,Uvas,9/5/20,7.815128015,-81.75892202,RSMAS,FALSE,TRUE,TRUE,TRUE,FALSE,TRUE,TRUE,Chiriqui:Uvas,IV,Type 1a,P. grandis
PAN_79,Coiba_C,NA,NA,NA,Panama,Chiriqui,Uvas,9/5/20,7.815128015,-81.75892202,RSMAS,FALSE,TRUE,TRUE,FALSE,FALSE,TRUE,,Chiriqui:Uvas,IV,Type 1a,P. grandis
PAN_83,,NA,NA,NA,Panama,Chiriqui,Uvas,9/5/20,7.815128015,-81.75892202,RSMAS,FALSE,TRUE,TRUE,FALSE,TRUE,FALSE,TRUE,Chiriqui:Uvas,IV,Type 1a,P. grandis
URA_12,,NA,NA,NA,Panama,Panama,Uraba,9/5/20,8.779195994,-79.53109993,RSMAS,FALSE,TRUE,TRUE,FALSE,TRUE,FALSE,TRUE,Panama:Uraba,IV,Type 1a,P. grandis
URA_16,Perlas_B,NA,NA,NA,Panama,Panama,Uraba,9/5/20,8.779195994,-79.53109993,RSMAS,FALSE,TRUE,TRUE,FALSE,FALSE,TRUE,,Panama:Uraba,IV,Type 1a,P. grandis
URA_51,Perlas_B,NA,NA,NA,Panama,Panama,Uraba,9/5/20,8.779195994,-79.53109993,RSMAS,FALSE,TRUE,TRUE,TRUE,FALSE,TRUE,TRUE,Panama:Uraba,IV,Type 1a,P. grandis
Clip_02,,NA,NA,NA,France,Clipperton,Clipperton,3/14/05,10.28714487,-109.206346,Clipperton,FALSE,FALSE,TRUE,FALSE,TRUE,FALSE,TRUE,Clipperton:Clipperton,V,Type 2,P. effusa
Clip_03,,NA,NA,NA,France,Clipperton,Clipperton,3/14/05,10.28714487,-109.206346,Clipperton,FALSE,FALSE,TRUE,FALSE,TRUE,FALSE,TRUE,Clipperton:Clipperton,V,Type 2,P. effusa
Clip_15,,NA,NA,NA,France,Clipperton,Clipperton,3/14/05,10.28714487,-109.206346,Clipperton,FALSE,FALSE,TRUE,FALSE,TRUE,FALSE,TRUE,Clipperton:Clipperton,IV,Type 1a,P. grandis
Clip_19,Clipperton_A,NA,NA,NA,France,Clipperton,Clipperton,3/14/05,10.28714487,-109.206346,Clipperton,FALSE,FALSE,TRUE,TRUE,FALSE,TRUE,TRUE,Clipperton:Clipperton,V,Type 2,P. effusa
Clip_21,,NA,NA,NA,France,Clipperton,Clipperton,3/14/05,10.28714487,-109.206346,Clipperton,FALSE,FALSE,TRUE,FALSE,TRUE,FALSE,TRUE,Clipperton:Clipperton,IV,Type 1a,P. grandis
Clip_26,,NA,NA,NA,France,Clipperton,Clipperton,3/14/05,10.28714487,-109.206346,Clipperton,FALSE,FALSE,TRUE,FALSE,TRUE,FALSE,TRUE,Clipperton:Clipperton,V,Type 2,P. effusa